,timestamp,lat,lon,solar_elevation,q_1,q_2,q_3
0,2019-06-14 07:50:48,46.8871248333,17.8919601167,47.4197391997,1.0,1.0,1.0
1,2019-06-14 07:51:05,46.8876492333,17.8918589,47.4814089777,1.0,1.0,1.0
2,2019-06-14 07:51:22,46.88808645,17.8917756167,47.5272156414,1.0,1.0,1.0
3,2019-06-14 07:51:39,46.8883339667,17.8917331,47.5736301919,1.0,1.0,1.0
4,2019-06-14 07:51:56,46.8884303167,17.8917139833,47.6190031385,1.0,1.0,1.0
5,2019-06-14 07:52:13,46.88846155,17.8917144667,47.6665549155,1.0,1.0,1.0
6,2019-06-14 07:52:29,46.8884620333,17.8916946833,47.7089533148,1.0,1.0,1.0
7,2019-06-14 08:11:42,46.8796916667,17.8997375,50.7624747606,1.0,1.0,1.0
8,2019-06-14 08:12:04,46.8796736167,17.8997418833,50.8419884079,1.0,1.0,1.0
9,2019-06-14 08:12:25,46.8797163667,17.8997445833,50.8856128261,1.0,1.0,1.0
10,2019-06-14 08:12:42,46.8797584833,17.8997224167,50.9412003206,1.0,1.0,1.0
11,2019-06-14 08:12:59,46.8797524167,17.8996879333,50.9850228144,1.0,1.0,1.0
12,2019-06-14 08:13:15,46.8797389833,17.89966855,51.0267450249,1.0,1.0,1.0
13,2019-06-14 08:13:31,46.8797198,17.8996793167,51.0705538582,1.0,1.0,1.0
14,2019-06-14 08:13:48,46.8796922,17.8996773,51.1140724085,1.0,1.0,1.0
15,2019-06-14 08:14:05,46.87966645,17.8996843667,51.1578300155,1.0,1.0,1.0
16,2019-06-14 08:14:22,46.8796612333,17.8997213,51.2015705469,1.0,1.0,1.0
17,2019-06-14 08:14:38,46.8796601,17.8997268667,51.2437059839,1.0,1.0,1.0
18,2019-06-14 08:14:59,46.8796768667,17.8997087667,51.2993071388,1.0,1.0,1.0
19,2019-06-14 08:15:16,46.8796995,17.8996714,51.3429110665,1.0,1.0,1.0
20,2019-06-14 08:15:33,46.8797359833,17.8994164667,51.3860846922,1.0,1.0,1.0
21,2019-06-14 08:15:50,46.8798868833,17.8990365167,51.4293710161,0.0,0.0,0.0
22,2019-06-14 08:16:06,46.8800994833,17.8986054167,51.4725753777,0.0,0.0,0.0
23,2019-06-14 08:16:23,46.8803441333,17.8981868,51.5141848901,1.0,1.0,1.0
24,2019-06-14 08:16:39,46.8806527,17.8977596833,51.557037497,1.0,1.0,1.0
25,2019-06-14 08:16:56,46.8809789333,17.8972863833,51.6000881793,1.0,1.0,1.0
26,2019-06-14 08:17:13,46.8812936333,17.8967176333,51.6430568994,1.0,1.0,1.0
27,2019-06-14 08:17:31,46.8815975,17.8961235667,51.6903764499,1.0,1.0,1.0
28,2019-06-14 08:17:49,46.88194455,17.89557185,51.7340623399,1.0,1.0,1.0
29,2019-06-14 08:18:06,46.88232075,17.8950729833,51.7774750222,1.0,1.0,1.0
30,2019-06-14 08:18:27,46.8828193333,17.8944758167,51.8206110819,1.0,1.0,1.0
31,2019-06-14 08:18:44,46.8832105333,17.8940028667,51.8752013689,1.0,1.0,1.0
32,2019-06-14 08:19:00,46.8835802833,17.8935919333,51.9160083341,1.0,1.0,1.0
33,2019-06-14 08:19:24,46.8841835167,17.89296625,51.9771453573,1.0,1.0,1.0
34,2019-06-14 08:19:41,46.8846689667,17.8927052333,52.020496568,1.0,1.0,1.0
35,2019-06-14 08:19:58,46.8851386167,17.89248835,52.0638580239,1.0,1.0,0.0
36,2019-06-14 08:20:19,46.8857948333,17.8922899,52.118417575,1.0,1.0,1.0
37,2019-06-14 08:20:41,46.88645405,17.8921260167,52.1729498054,1.0,1.0,1.0
38,2019-06-14 08:20:58,46.8869343167,17.8920151333,52.216010733,1.0,1.0,0.0
39,2019-06-14 08:21:14,46.8874559667,17.8919279167,52.2590409248,1.0,1.0,0.0
40,2019-06-14 08:21:36,46.8880357667,17.8917836333,52.3137541551,1.0,1.0,0.0
41,2019-06-14 08:21:53,46.8882644833,17.8917531,52.3566204223,1.0,1.0,0.0
42,2019-06-14 08:22:10,46.8883694167,17.8917095,52.399503765,1.0,1.0,0.0
43,2019-06-14 08:22:26,46.8883644833,17.8916780833,52.4421617115,1.0,1.0,0.0
44,2019-06-14 08:22:43,46.88837,17.8916608667,52.4850484693,1.0,1.0,0.0
45,2019-06-14 08:23:00,46.8884085333,17.8916714167,52.5279079063,1.0,1.0,0.0
46,2019-06-14 08:23:17,46.8884197,17.8916869667,52.570753683,1.0,1.0,0.0
47,2019-06-14 08:23:34,46.888428,17.8916746667,52.6138077804,1.0,1.0,0.0
48,2019-06-14 08:23:50,46.8884197,17.8916792333,52.6568516326,1.0,1.0,0.0
49,2019-06-14 08:24:07,46.8884368333,17.89168865,52.6996052017,1.0,1.0,0.0
50,2019-06-14 08:24:24,46.8884308667,17.8917042833,52.7420855632,1.0,1.0,0.0
51,2019-06-14 08:24:41,46.8884356333,17.89170095,52.7842653965,1.0,1.0,0.0
52,2019-06-14 08:24:57,46.8884332167,17.8916964,52.8271828901,1.0,1.0,0.0
53,2019-06-14 08:25:14,46.8884308,17.89172395,52.8698340064,1.0,1.0,0.0
54,2019-06-14 08:25:31,46.8884249667,17.8917202833,52.9121845943,1.0,1.0,0.0
55,2019-06-14 08:25:48,46.8884647667,17.8917182833,52.954740088,1.0,1.0,0.0
56,2019-06-14 08:26:05,46.8884389167,17.8917098333,52.9972921665,1.0,1.0,0.0
57,2019-06-14 08:26:21,46.8882054667,17.8917572167,53.0401925847,1.0,1.0,0.0
58,2019-06-14 08:26:38,46.88785665,17.8918691333,53.0829017575,1.0,1.0,0.0
59,2019-06-14 08:26:55,46.8874229167,17.8920125333,53.1258943833,1.0,1.0,0.0
60,2019-06-14 08:27:12,46.8869705,17.8921888,53.1688835939,1.0,1.0,0.0
61,2019-06-14 08:27:29,46.8864448167,17.8922343833,53.2115449555,1.0,1.0,1.0
62,2019-06-14 08:27:46,46.88592485,17.8923501333,53.2539638453,1.0,1.0,1.0
63,2019-06-14 08:28:02,46.88541435,17.89257585,53.296918905,1.0,1.0,1.0
64,2019-06-14 08:28:19,46.8849221667,17.8929173167,53.3396553986,1.0,1.0,1.0
65,2019-06-14 08:28:36,46.8844025,17.89323695,53.3821050243,1.0,1.0,1.0
66,2019-06-14 08:28:53,46.8839014,17.8936209167,53.4243053481,1.0,1.0,1.0
67,2019-06-14 08:29:10,46.8834066833,17.8940015167,53.4672262569,1.0,1.0,1.0
68,2019-06-14 08:29:27,46.88287395,17.8943515,53.5108643355,1.0,1.0,1.0
69,2019-06-14 08:29:43,46.8824045,17.894789,53.5534915461,1.0,1.0,1.0
70,2019-06-14 08:30:00,46.8819791167,17.8953207,53.5966207756,1.0,1.0,1.0
71,2019-06-14 08:30:17,46.88161115,17.8958994833,53.6392206654,1.0,1.0,1.0
72,2019-06-14 08:30:34,46.8812408167,17.8965791667,53.6818512911,1.0,1.0,1.0
73,2019-06-14 08:30:50,46.88087715,17.89721535,53.7226685016,1.0,1.0,1.0
74,2019-06-14 08:31:07,46.8804975,17.8978688167,53.7654698821,1.0,1.0,1.0
75,2019-06-14 08:31:24,46.8802442,17.8984975833,53.8076667908,1.0,1.0,1.0
76,2019-06-14 08:33:27,46.87968065,17.8997100333,54.1043360574,1.0,1.0,1.0
77,2019-06-14 08:33:44,46.87969055,17.8997230667,54.1579223065,1.0,1.0,1.0
78,2019-06-14 08:34:01,46.879691,17.8997381,54.1993132529,1.0,1.0,1.0
79,2019-06-14 08:34:18,46.8796898833,17.8997296333,54.2409091049,1.0,1.0,1.0
80,2019-06-14 08:34:34,46.8797209,17.8997175833,54.2812106361,1.0,1.0,1.0
81,2019-06-14 08:34:51,46.8797284333,17.8997159833,54.3224888843,1.0,1.0,1.0
82,2019-06-14 08:35:12,46.8797127167,17.8997152667,54.3753477183,1.0,1.0,1.0
83,2019-06-14 08:35:29,46.8797016667,17.89970245,54.4167967213,1.0,1.0,1.0
84,2019-06-14 08:35:50,46.87969475,17.8997017167,54.4693003855,1.0,1.0,1.0
85,2019-06-14 08:36:07,46.879669,17.8997104833,54.5104420299,1.0,1.0,1.0
86,2019-06-14 08:37:44,46.87969975,17.8996746333,54.7382868954,1.0,1.0,1.0
87,2019-06-14 08:38:10,46.8796932833,17.89965905,54.8016881263,1.0,1.0,1.0
88,2019-06-14 08:38:47,46.8796656,17.8996769333,54.8918910196,1.0,1.0,1.0
89,2019-06-14 08:39:08,46.87971435,17.89971,54.94263591,1.0,1.0,1.0
90,2019-06-14 08:39:29,46.8797276833,17.8997412833,54.9948014798,1.0,1.0,1.0
91,2019-06-14 08:39:45,46.8797185667,17.899759,55.0449760495,1.0,1.0,1.0
92,2019-06-14 08:40:01,46.8797042333,17.8997592667,55.0843828259,1.0,1.0,1.0
93,2019-06-14 08:40:23,46.8796990833,17.8997359,55.1361249239,1.0,1.0,1.0
94,2019-06-14 08:40:40,46.8796933333,17.89972105,55.1771367948,1.0,1.0,1.0
95,2019-06-14 08:40:58,46.8797032,17.8997287,55.2217515905,1.0,1.0,1.0
96,2019-06-14 08:41:19,46.8797120833,17.8997163333,55.2735688206,1.0,1.0,1.0
97,2019-06-14 08:41:41,46.87968935,17.8997305,55.313986465,1.0,1.0,1.0
98,2019-06-14 08:41:58,46.87968905,17.89972055,55.3657080725,1.0,1.0,1.0
99,2019-06-14 08:42:14,46.8796943,17.8997163667,55.406019849,1.0,1.0,1.0
100,2019-06-14 08:42:31,46.879695,17.8997038333,55.4465331161,1.0,1.0,1.0
101,2019-06-14 08:42:48,46.8797011167,17.8997105833,55.4872547039,1.0,1.0,1.0
102,2019-06-14 08:43:04,46.8797069,17.8997341333,55.5255413293,1.0,1.0,1.0
103,2019-06-14 08:43:21,46.87969365,17.89973705,55.5659521435,1.0,1.0,1.0
104,2019-06-14 08:43:38,46.8796903,17.8997287333,55.6070357314,1.0,1.0,1.0
105,2019-06-14 08:43:55,46.8797053333,17.89972495,55.6475899796,1.0,1.0,1.0
106,2019-06-14 08:44:11,46.87972655,17.8997453,55.6876319636,1.0,1.0,1.0
107,2019-06-14 08:44:28,46.8797346333,17.8997406,55.7283501363,1.0,1.0,1.0
108,2019-06-14 08:44:50,46.8797331,17.8997383,55.7793135928,1.0,1.0,1.0
109,2019-06-14 08:46:49,46.8802220167,17.8985532833,56.062138066,1.0,1.0,1.0
110,2019-06-14 08:47:06,46.8804269333,17.8980275333,56.1020605217,1.0,1.0,1.0
111,2019-06-14 08:47:23,46.8806508667,17.8974283667,56.1414160716,1.0,1.0,1.0
112,2019-06-14 08:47:40,46.8809308333,17.89681305,56.1828172633,1.0,1.0,1.0
113,2019-06-14 08:47:57,46.8812431,17.89631005,56.2223264926,1.0,1.0,1.0
114,2019-06-14 08:48:15,46.8816039333,17.89578305,56.262238703,1.0,1.0,1.0
115,2019-06-14 08:48:31,46.8819435333,17.8953359833,56.3014269133,1.0,1.0,1.0
116,2019-06-14 08:48:48,46.8823470333,17.8948818667,56.3410181049,1.0,1.0,1.0
117,2019-06-14 08:49:06,46.8827765833,17.8944315,56.3819650889,1.0,1.0,1.0
118,2019-06-14 08:49:22,46.8831962,17.8940302667,56.4207844691,1.0,1.0,1.0
119,2019-06-14 08:49:39,46.88362725,17.8936656167,56.4605088493,1.0,1.0,1.0
120,2019-06-14 08:49:56,46.8840862833,17.8933032167,56.4994716634,1.0,1.0,1.0
121,2019-06-14 08:50:13,46.8845422833,17.8929902,56.5374850812,1.0,1.0,1.0
122,2019-06-14 08:50:30,46.8849899,17.8927413333,56.5768986878,1.0,1.0,1.0
123,2019-06-14 08:50:47,46.8855127,17.8925123833,56.6160015208,1.0,1.0,1.0
124,2019-06-14 08:51:03,46.8860033833,17.8923200333,56.6550975237,1.0,1.0,1.0
125,2019-06-14 08:51:37,46.8870608167,17.8919761833,56.7329002085,1.0,1.0,1.0
126,2019-06-14 08:51:54,46.8875906667,17.8918605,56.7716410415,1.0,1.0,1.0
127,2019-06-14 08:52:11,46.88802195,17.8917509833,56.8106345914,1.0,1.0,1.0
128,2019-06-14 08:54:10,46.8884163667,17.89167135,57.0855701961,1.0,1.0,0.0
129,2019-06-14 08:54:27,46.8883835833,17.8917023667,57.1249974631,1.0,1.0,0.0
130,2019-06-14 08:54:44,46.8883600333,17.89170085,57.1643530131,1.0,1.0,0.0
131,2019-06-14 08:55:01,46.8883618167,17.8916857,57.2024893743,1.0,1.0,1.0
132,2019-06-14 08:55:17,46.8883783,17.8916658667,57.2403422827,1.0,1.0,1.0
133,2019-06-14 08:55:35,46.8883840333,17.8916445333,57.2811287573,1.0,1.0,1.0
134,2019-06-14 08:55:52,46.8883639667,17.89167425,57.3198490997,1.0,1.0,1.0
135,2019-06-14 08:56:13,46.88837785,17.8916914167,57.3690059712,1.0,1.0,1.0
136,2019-06-14 08:56:29,46.8883809167,17.8916684333,57.4059777852,1.0,1.0,0.0
137,2019-06-14 08:56:45,46.8883949667,17.8916609333,57.4417679764,1.0,1.0,0.0
138,2019-06-14 08:57:08,46.88841305,17.8916894333,57.4823119793,1.0,1.0,1.0
139,2019-06-14 08:57:28,46.8884305,17.8916641833,57.5304989639,1.0,1.0,1.0
140,2019-06-14 08:57:44,46.8884170333,17.8916739333,57.5761519483,1.0,1.0,1.0
141,2019-06-14 08:58:01,46.8884017333,17.8916677667,57.6151591587,1.0,1.0,1.0
142,2019-06-14 08:58:23,46.888349,17.8916895167,57.6530188972,1.0,1.0,1.0
143,2019-06-14 08:58:43,46.8883903167,17.8916439667,57.6997920327,1.0,1.0,1.0
144,2019-06-14 08:59:04,46.8883990167,17.8916292833,57.7464968662,1.0,1.0,0.0
145,2019-06-14 08:59:25,46.8883788833,17.89166525,57.7936388319,1.0,1.0,0.0
146,2019-06-14 08:59:48,46.8883956833,17.8916853667,57.8453911752,1.0,1.0,1.0
147,2019-06-14 09:00:09,46.8883840333,17.89171825,57.8919047635,1.0,1.0,1.0
148,2019-06-14 09:00:30,46.8883877333,17.8916969167,57.9501935978,1.0,1.0,1.0
149,2019-06-14 09:00:50,46.88841465,17.8916573,57.9853076004,1.0,1.0,1.0
150,2019-06-14 09:02:54,46.8884626167,17.8916535167,58.2714378851,1.0,1.0,1.0
151,2019-06-14 09:03:12,46.8884708667,17.8916432167,58.3096937746,1.0,1.0,1.0
152,2019-06-14 09:03:28,46.8884176667,17.891613,58.3463718905,1.0,1.0,1.0
153,2019-06-14 09:03:45,46.8881377333,17.8916717833,58.3838559686,1.0,1.0,1.0
154,2019-06-14 09:04:02,46.8876938167,17.8918622667,58.4216747261,1.0,1.0,1.0
155,2019-06-14 09:04:20,46.88719535,17.8920646667,58.4614674082,1.0,1.0,1.0
156,2019-06-14 09:04:36,46.88678245,17.8922167333,58.4962877125,1.0,1.0,1.0
157,2019-06-14 09:04:53,46.8862752,17.89249515,58.5338127718,1.0,1.0,1.0
158,2019-06-14 09:05:09,46.88578175,17.8928547667,58.5708938689,1.0,1.0,1.0
159,2019-06-14 09:05:26,46.8852985667,17.8931170167,58.6076402866,1.0,1.0,1.0
160,2019-06-14 09:05:43,46.8847836833,17.893406,58.6445847798,1.0,1.0,1.0
161,2019-06-14 09:06:00,46.88428905,17.89369365,58.6816795372,1.0,1.0,1.0
162,2019-06-14 09:06:16,46.8837832833,17.8940319833,58.7189723701,1.0,1.0,1.0
163,2019-06-14 09:06:33,46.8832931,17.8943416333,58.7559715048,0.0,0.0,0.0
164,2019-06-14 09:06:50,46.8828010333,17.8947213167,58.7927384131,1.0,1.0,1.0
165,2019-06-14 09:07:07,46.8822903667,17.8951194167,58.8296829063,1.0,1.0,1.0
166,2019-06-14 09:07:24,46.8818259333,17.8954813667,58.8667435128,1.0,1.0,1.0
167,2019-06-14 09:07:41,46.8813725333,17.89593075,58.9037904588,1.0,1.0,1.0
168,2019-06-14 09:07:57,46.88105815,17.89652035,58.9405437067,1.0,1.0,1.0
169,2019-06-14 09:08:14,46.8808054333,17.8971282167,58.9772081622,1.0,1.0,1.0
170,2019-06-14 09:08:31,46.8805471167,17.8977516833,59.0138316365,1.0,1.0,1.0
171,2019-06-14 09:08:48,46.8802823667,17.8983246667,59.0503731486,1.0,1.0,1.0
172,2019-06-14 09:09:04,46.8800161167,17.8988719833,59.0864160568,1.0,1.0,1.0
173,2019-06-14 09:09:21,46.8798157,17.8992973167,59.1233742104,1.0,1.0,1.0
174,2019-06-14 09:09:39,46.8797469167,17.89955625,59.1605167791,1.0,1.0,1.0
175,2019-06-14 09:10:13,46.8796897833,17.8997159667,59.232903124,1.0,1.0,1.0
176,2019-06-14 09:10:29,46.87971305,17.8997059333,59.2669106358,1.0,1.0,1.0
177,2019-06-14 09:10:46,46.8797126,17.8997229167,59.3030150158,1.0,1.0,1.0
178,2019-06-14 09:11:03,46.8797038833,17.8997014333,59.3388325278,1.0,1.0,1.0
179,2019-06-14 09:11:19,46.8797017,17.89969045,59.3745953983,1.0,1.0,1.0
180,2019-06-14 09:11:37,46.8796967667,17.8996771,59.4124073255,1.0,1.0,1.0
181,2019-06-14 09:11:53,46.8796816667,17.89971225,59.4457591393,1.0,1.0,1.0
182,2019-06-14 09:12:10,46.8796812333,17.8997243167,59.4809277833,1.0,1.0,1.0
183,2019-06-14 09:12:31,46.8797047667,17.89973055,59.516663333,1.0,1.0,1.0
184,2019-06-14 09:12:48,46.8797271167,17.8997304667,59.56132594,1.0,1.0,1.0
185,2019-06-14 09:13:05,46.8797260833,17.8997363833,59.5965150746,1.0,1.0,1.0
186,2019-06-14 09:13:23,46.8797235833,17.8997290667,59.6335073792,1.0,1.0,1.0
187,2019-06-14 09:13:39,46.8797236833,17.89973305,59.6681500986,1.0,1.0,1.0
188,2019-06-14 09:13:55,46.8796878667,17.89972525,59.7017136482,1.0,1.0,1.0
189,2019-06-14 09:14:12,46.8796845833,17.8997350833,59.7364451601,1.0,1.0,1.0
190,2019-06-14 09:14:29,46.8796746167,17.8997275,59.7713269362,1.0,1.0,1.0
191,2019-06-14 09:14:46,46.8796779,17.89971345,59.8061335803,1.0,1.0,1.0
192,2019-06-14 09:15:03,46.8796805167,17.8997160333,59.8413022243,1.0,1.0,1.0
193,2019-06-14 09:15:19,46.8796981,17.89972935,59.8757810192,1.0,1.0,1.0
194,2019-06-14 09:15:36,46.87968295,17.8997535667,59.9102256632,1.0,1.0,1.0
195,2019-06-14 09:15:53,46.8796869333,17.89971825,59.9449776657,1.0,1.0,1.0
196,2019-06-14 09:16:10,46.8797740667,17.8994443167,59.9794974418,1.0,1.0,1.0
197,2019-06-14 09:16:26,46.8799516833,17.89908795,60.0132317461,1.0,1.0,1.0
198,2019-06-14 09:16:43,46.8801990667,17.8986151,60.0474100127,0.0,0.0,0.0
199,2019-06-14 09:17:00,46.8804601667,17.8980982333,60.0810896755,0.0,0.0,0.0
200,2019-06-14 09:17:18,46.8807653167,17.8975384167,60.1175014139,1.0,1.0,1.0
201,2019-06-14 09:17:35,46.8810433833,17.8969928333,60.1510239824,1.0,1.0,1.0
202,2019-06-14 09:17:52,46.8813608167,17.8964547333,60.1848607395,1.0,1.0,1.0
203,2019-06-14 09:18:09,46.8817120667,17.89587575,60.2198108175,1.0,1.0,1.0
204,2019-06-14 09:18:26,46.8820560833,17.8953310667,60.2534973105,1.0,1.0,1.0
205,2019-06-14 09:18:42,46.8824046167,17.8948183833,60.2855104071,1.0,1.0,1.0
206,2019-06-14 09:18:59,46.8827754333,17.8943214167,60.3190739567,1.0,1.0,1.0
207,2019-06-14 09:19:17,46.8831803833,17.8938305833,60.353962563,1.0,1.0,1.0
208,2019-06-14 09:19:33,46.8836003167,17.8933902833,60.385770754,1.0,1.0,1.0
209,2019-06-14 09:19:50,46.8840670333,17.8929853833,60.4203110206,1.0,1.0,1.0
210,2019-06-14 09:20:07,46.88453915,17.8927092333,60.4536423438,1.0,1.0,1.0
211,2019-06-14 09:20:23,46.8849905333,17.8924730667,60.4839410629,1.0,1.0,1.0
212,2019-06-14 09:20:40,46.8855070333,17.8923035833,60.517955405,1.0,1.0,1.0
213,2019-06-14 09:20:56,46.88598005,17.8921795,60.549367445,1.0,1.0,1.0
214,2019-06-14 09:21:13,46.8865128667,17.8920234667,60.5822479756,1.0,1.0,1.0
215,2019-06-14 09:21:30,46.8870574833,17.8919027667,60.6156612611,1.0,1.0,1.0
216,2019-06-14 09:21:47,46.8875897333,17.8917864167,60.6486169238,1.0,1.0,1.0
217,2019-06-14 09:22:03,46.8880403167,17.8917063,60.6809920205,1.0,1.0,1.0
218,2019-06-14 09:22:37,46.8884238167,17.89165655,60.7469443271,1.0,1.0,1.0
219,2019-06-14 09:22:55,46.88842835,17.8916559833,60.7818261032,1.0,1.0,1.0
220,2019-06-14 09:23:11,46.8884438333,17.89161245,60.8128829733,1.0,1.0,1.0
221,2019-06-14 09:23:27,46.8884554167,17.8916573667,60.8454902964,1.0,1.0,1.0
222,2019-06-14 09:23:45,46.8884720833,17.8916718667,60.8787874686,1.0,1.0,1.0
223,2019-06-14 09:24:02,46.8885259833,17.8916333,60.9119616974,1.0,1.0,1.0
224,2019-06-14 09:24:18,46.8885326833,17.891647,60.9443436243,1.0,1.0,1.0
225,2019-06-14 09:24:35,46.8885068667,17.8916597833,60.97668457,1.0,1.0,1.0
226,2019-06-14 09:24:53,46.8884457333,17.8916979,61.0111155536,1.0,1.0,1.0
227,2019-06-14 09:25:09,46.8884119333,17.89170745,61.0427393295,1.0,1.0,1.0
228,2019-06-14 09:25:26,46.88839535,17.8917091667,61.0742811431,1.0,1.0,1.0
229,2019-06-14 09:25:43,46.8884205,17.8916824333,61.1066699001,1.0,1.0,1.0
230,2019-06-14 09:25:59,46.8884008,17.89169625,61.1388400911,1.0,1.0,1.0
231,2019-06-14 09:26:17,46.8883938667,17.8916740167,61.173209603,1.0,1.0,0.0
232,2019-06-14 09:26:33,46.8884000833,17.8916768333,61.2038771524,1.0,1.0,1.0
233,2019-06-14 09:26:50,46.8884226167,17.8916578667,61.2354121358,1.0,1.0,1.0
234,2019-06-14 09:27:07,46.8884044167,17.8916344333,61.2674730437,1.0,1.0,1.0
235,2019-06-14 09:27:25,46.8883739167,17.8916565,61.3008111971,1.0,1.0,0.0
236,2019-06-14 09:27:40,46.8883568333,17.8916939167,61.3308571992,1.0,1.0,0.0
237,2019-06-14 09:27:57,46.8883355333,17.8917355,61.3629181072,1.0,1.0,0.0
238,2019-06-14 09:28:14,46.8883359667,17.8917407167,61.3944940717,1.0,1.0,0.0
239,2019-06-14 09:28:32,46.88835445,17.8917213667,61.4278458855,1.0,1.0,0.0
240,2019-06-14 09:28:48,46.8883814833,17.89168365,61.4575503782,1.0,1.0,0.0
241,2019-06-14 09:29:05,46.8884182667,17.8916870667,61.4885047955,1.0,1.0,0.0
242,2019-06-14 09:29:21,46.88840095,17.8916762,61.5197938921,1.0,1.0,0.0
243,2019-06-14 09:29:38,46.8884020167,17.89166335,61.5511786113,1.0,1.0,0.0
244,2019-06-14 09:29:55,46.8884014333,17.8916604,61.5823106135,1.0,1.0,0.0
245,2019-06-14 09:30:12,46.8883952,17.89166185,61.6133674837,1.0,1.0,0.0
246,2019-06-14 09:30:30,46.8883941667,17.8916668833,61.6461933728,1.0,1.0,0.0
247,2019-06-14 09:30:46,46.8883942667,17.8916767833,61.6767311486,1.0,1.0,0.0
248,2019-06-14 09:31:04,46.8883832833,17.8916781333,61.7088466981,1.0,1.0,0.0
249,2019-06-14 09:31:20,46.8883956167,17.8916881333,61.7381277191,1.0,1.0,0.0
250,2019-06-14 09:31:37,46.8883674333,17.8917153833,61.7691982496,1.0,1.0,1.0
251,2019-06-14 09:31:54,46.888377,17.8917338333,61.7997974971,1.0,1.0,1.0
252,2019-06-14 09:32:10,46.8883810167,17.89173265,61.8301303672,1.0,1.0,1.0
253,2019-06-14 09:32:27,46.8883986333,17.8916888833,61.8609003694,1.0,1.0,1.0
254,2019-06-14 09:32:44,46.8884136167,17.8916607667,61.8914176546,1.0,1.0,1.0
255,2019-06-14 09:33:02,46.8884404333,17.8916579333,61.9234853928,1.0,1.0,1.0
256,2019-06-14 12:44:29,46.8799429667,17.8997997,56.9178207501,1.0,1.0,1.0
257,2019-06-14 12:44:46,46.87994455,17.8999097667,56.8678954823,1.0,1.0,1.0
258,2019-06-14 12:45:03,46.8799264333,17.899895,56.8288985173,1.0,1.0,1.0
259,2019-06-14 12:45:20,46.8799234667,17.8999015667,56.7900688918,1.0,1.0,1.0
260,2019-06-14 12:45:36,46.8799313667,17.8998855333,56.7512017004,1.0,1.0,1.0
261,2019-06-14 12:45:53,46.8799426667,17.8999331333,56.7117846787,1.0,1.0,1.0
262,2019-06-14 12:46:10,46.8799550167,17.89992675,56.6728218645,1.0,1.0,1.0
263,2019-06-14 12:47:29,46.8799229333,17.8999095833,56.4881881909,1.0,1.0,1.0
264,2019-06-14 12:47:46,46.8799482,17.8999044,56.4487336032,1.0,1.0,1.0
265,2019-06-14 12:48:02,46.8799810333,17.8999207167,56.4094566003,1.0,1.0,1.0
266,2019-06-14 12:48:19,46.8800046667,17.8999417167,56.3698995598,1.0,1.0,1.0
267,2019-06-14 12:48:36,46.87999775,17.8999225667,56.3303425192,1.0,1.0,1.0
268,2019-06-14 12:48:53,46.8799962,17.8999339833,56.2909596484,1.0,1.0,1.0
269,2019-06-14 12:49:09,46.879975,17.8999338667,56.2513138154,1.0,1.0,1.0
270,2019-06-14 12:49:26,46.8799563833,17.8999456333,56.2116167559,1.0,1.0,1.0
271,2019-06-14 12:49:43,46.8799444667,17.9000144833,56.1718411493,1.0,1.0,1.0
272,2019-06-14 12:50:00,46.879937,17.8999976333,56.1320723729,1.0,1.0,1.0
273,2019-06-14 12:50:16,46.8799541833,17.8999565167,56.0924982568,1.0,1.0,1.0
274,2019-06-14 12:50:33,46.8799727167,17.8999377,56.0528660842,1.0,1.0,1.0
275,2019-06-14 12:50:50,46.8800022833,17.8998946167,56.0129675341,1.0,1.0,1.0
276,2019-06-14 12:51:07,46.8800045833,17.8998934167,55.9730177577,1.0,1.0,1.0
277,2019-06-14 12:51:23,46.879976,17.89996235,55.9332387359,1.0,1.0,1.0
278,2019-06-14 12:51:40,46.8799577833,17.89999145,55.8929611104,1.0,1.0,1.0
279,2019-06-14 12:51:57,46.87997105,17.8999392167,55.8526732396,1.0,1.0,1.0
280,2019-06-14 12:52:14,46.8799626833,17.8999291833,55.8123307272,1.0,1.0,1.0
281,2019-06-14 12:52:31,46.8799450833,17.8999532333,55.7721692149,1.0,1.0,1.0
282,2019-06-14 12:52:48,46.87996265,17.89995745,55.7319633064,1.0,1.0,1.0
283,2019-06-14 12:53:05,46.8799696333,17.8999837667,55.6914705299,1.0,1.0,1.0
284,2019-06-14 12:53:21,46.8799620333,17.8999482333,55.65121681,1.0,1.0,1.0
285,2019-06-14 12:53:55,46.8799394167,17.8999615667,55.5707913325,1.0,1.0,1.0
286,2019-06-14 12:54:12,46.8799394,17.8999724667,55.5299092353,1.0,1.0,1.0
287,2019-06-14 12:54:30,46.8799495333,17.8999697667,55.4856188736,0.0,0.0,0.0
288,2019-06-14 12:54:47,46.8799417333,17.899969,55.4453856443,0.0,0.0,0.0
289,2019-06-14 12:55:04,46.8799159167,17.8999556333,55.4048928678,0.0,0.0,0.0
290,2019-06-14 12:55:21,46.8798954333,17.8999105667,55.3646152422,0.0,0.0,0.0
291,2019-06-14 12:55:37,46.8799101333,17.8999201667,55.3240097676,0.0,0.0,0.0
292,2019-06-14 12:55:54,46.8799035333,17.8999643333,55.2833530666,0.0,0.0,0.0
293,2019-06-14 12:56:11,46.8798948,17.899931,55.2427066108,0.0,0.0,0.0
294,2019-06-14 12:56:28,46.8799062167,17.8998234167,55.2020533249,0.0,0.0,0.0
295,2019-06-14 12:56:44,46.8799175,17.8995175833,55.161724473,0.0,0.0,0.0
296,2019-06-14 12:57:01,46.8799693833,17.8992165167,55.1208457908,0.0,0.0,0.0
297,2019-06-14 12:57:18,46.87995695,17.8989431167,55.0804315615,0.0,0.0,0.0
298,2019-06-14 12:57:35,46.8798835833,17.8989977667,55.0395767849,0.0,0.0,0.0
299,2019-06-14 12:57:52,46.8797764333,17.8992174833,54.9986058952,0.0,0.0,0.0
300,2019-06-14 12:58:08,46.8797192167,17.8994785,54.9577920998,0.0,0.0,0.0
301,2019-06-14 12:58:25,46.8796957167,17.8995987167,54.9167631535,0.0,0.0,0.0
302,2019-06-14 12:58:42,46.8796726167,17.8996621,54.8759732637,0.0,0.0,0.0
303,2019-06-14 12:58:59,46.87967805,17.8996762667,54.8346711098,0.0,0.0,0.0
304,2019-06-14 12:59:16,46.8797009167,17.8995919167,54.7936285031,0.0,0.0,0.0
305,2019-06-14 12:59:32,46.87972005,17.8995410167,54.7527737266,0.0,0.0,0.0
306,2019-06-14 12:59:49,46.87971335,17.8995857833,54.7118404029,0.0,0.0,0.0
307,2019-06-14 13:00:06,46.8796607667,17.8996454667,54.6708865886,0.0,0.0,0.0
308,2019-06-14 13:00:23,46.8796478833,17.8996406667,54.6294205102,0.0,0.0,0.0
309,2019-06-14 13:00:39,46.8796605667,17.8996509667,54.588145677,0.0,0.0,0.0
310,2019-06-14 13:00:56,46.8796828167,17.8996721333,54.5470689194,0.0,0.0,0.0
311,2019-06-14 13:01:17,46.8797088667,17.89971645,54.5057052937,1.0,1.0,1.0
312,2019-06-14 13:01:34,46.8796866,17.8998603833,54.4531640635,1.0,1.0,1.0
313,2019-06-14 13:01:55,46.8796635667,17.8997622167,54.411803853,1.0,1.0,1.0
314,2019-06-14 13:02:12,46.8796472,17.8996819667,54.3593172644,1.0,1.0,1.0
315,2019-06-14 13:02:29,46.8796598,17.8996554,54.3180799972,1.0,1.0,1.0
316,2019-06-14 13:02:46,46.8796789333,17.8996442833,54.2767949188,1.0,1.0,1.0
317,2019-06-14 13:03:02,46.8796902333,17.8996289667,54.2352332177,1.0,1.0,1.0
318,2019-06-14 13:03:19,46.8796987167,17.8996505333,54.1936168751,1.0,1.0,1.0
319,2019-06-14 13:03:37,46.8796965,17.8996240333,54.149275287,1.0,1.0,1.0
320,2019-06-14 13:03:54,46.87970845,17.8995534333,54.1073959821,1.0,1.0,1.0
321,2019-06-14 13:04:15,46.8797108333,17.8996045333,54.0654312998,1.0,1.0,1.0
322,2019-06-14 13:04:32,46.8797173667,17.89969605,54.0126817489,1.0,1.0,1.0
323,2019-06-14 13:04:49,46.8797167,17.8997592667,53.9703653119,1.0,1.0,1.0
324,2019-06-14 13:05:06,46.8797096,17.8996960833,53.9288411768,0.0,0.0,0.0
325,2019-06-14 13:05:23,46.8797666167,17.8993383167,53.887180438,0.0,0.0,0.0
326,2019-06-14 13:05:56,46.8802993167,17.8986825833,53.803524281,1.0,1.0,1.0
327,2019-06-14 13:06:13,46.8806106,17.8984285333,53.7613307874,1.0,1.0,1.0
328,2019-06-14 13:06:34,46.8811197,17.8980056667,53.7081133685,1.0,1.0,1.0
329,2019-06-14 13:06:56,46.8816318833,17.89746845,53.6546637232,1.0,1.0,1.0
330,2019-06-14 13:07:17,46.8821140833,17.8968903,53.6014497193,1.0,1.0,1.0
331,2019-06-14 13:07:33,46.8824785167,17.8964429,53.5612028296,1.0,1.0,1.0
332,2019-06-14 13:07:49,46.8828251333,17.8959592167,53.5212052419,1.0,1.0,1.0
333,2019-06-14 13:08:05,46.8831785667,17.8954009167,53.4807227107,1.0,1.0,1.0
334,2019-06-14 13:08:21,46.8835196167,17.8948362333,53.4407217078,1.0,1.0,1.0
335,2019-06-14 13:08:43,46.8840046667,17.8942421667,53.3981081576,1.0,1.0,1.0
336,2019-06-14 13:09:04,46.8845146,17.89369545,53.3448804934,0.0,0.0,0.0
337,2019-06-14 13:09:21,46.8849372833,17.8932601667,53.2910893385,1.0,1.0,1.0
338,2019-06-14 13:09:37,46.8853675,17.8928710667,53.2503096941,1.0,1.0,1.0
339,2019-06-14 13:11:45,46.8883783667,17.8917280833,52.9375245962,0.0,0.0,0.0
340,2019-06-14 13:12:02,46.88842265,17.8917048667,52.8827635545,0.0,0.0,0.0
341,2019-06-14 13:12:19,46.8884168,17.8917301,52.8416526459,0.0,0.0,0.0
342,2019-06-14 13:12:35,46.8884040667,17.8917089833,52.7990220202,0.0,0.0,0.0
343,2019-06-14 13:12:52,46.8883933,17.8917039,52.7568592624,1.0,1.0,0.0
344,2019-06-14 13:13:09,46.8883671667,17.89175125,52.7136275801,1.0,1.0,0.0
345,2019-06-14 13:13:26,46.8883758333,17.8917473667,52.6713965204,1.0,1.0,0.0
346,2019-06-14 13:13:42,46.88837965,17.89178355,52.6283492532,0.0,0.0,0.0
347,2019-06-14 13:13:58,46.8883997,17.8917743833,52.5880955333,1.0,1.0,1.0
348,2019-06-14 13:14:15,46.8883982167,17.8917674333,52.5450209453,1.0,1.0,1.0
349,2019-06-14 13:14:33,46.8884020833,17.8917184167,52.4999007157,0.0,0.0,0.0
350,2019-06-14 13:14:50,46.8884126833,17.891728,52.4570037126,0.0,0.0,0.0
351,2019-06-14 13:15:07,46.8884007167,17.8917287667,52.4138403321,1.0,1.0,0.0
352,2019-06-14 13:16:26,46.8884034333,17.8917296833,52.2114037704,1.0,1.0,1.0
353,2019-06-14 13:16:42,46.88840925,17.89174675,52.1685716541,1.0,1.0,1.0
354,2019-06-14 13:17:16,46.8884168833,17.8917351,52.0820809687,1.0,1.0,1.0
355,2019-06-14 13:17:33,46.8884398,17.8917089,52.0389278335,1.0,1.0,1.0
356,2019-06-14 13:18:06,46.8884501833,17.8916442,51.9528162235,1.0,1.0,1.0
357,2019-06-14 13:18:40,46.8883971833,17.89159975,51.8663562739,1.0,1.0,0.0
358,2019-06-14 13:18:57,46.88838815,17.8916379167,51.822779667,0.0,0.0,0.0
359,2019-06-14 13:19:18,46.8883565333,17.8917088,51.779414796,0.0,0.0,0.0
360,2019-06-14 13:19:52,46.8878045167,17.89184165,51.6801858077,0.0,0.0,0.0
361,2019-06-14 13:20:09,46.8874056167,17.8919138167,51.6366365216,0.0,0.0,0.0
362,2019-06-14 13:20:25,46.8869618833,17.8920278167,51.5946035374,0.0,0.0,0.0
363,2019-06-14 13:20:43,46.8864229667,17.8920855333,51.550285855,1.0,1.0,1.0
364,2019-06-14 13:20:59,46.8859044333,17.8920181,51.5067912103,0.0,0.0,0.0
365,2019-06-14 13:21:16,46.8853773167,17.8920293667,51.4637371129,0.0,0.0,0.0
366,2019-06-14 13:21:33,46.8848634333,17.8922108833,51.4200273173,0.0,0.0,0.0
367,2019-06-14 13:21:49,46.8843984167,17.8924585833,51.3790837483,0.0,0.0,0.0
368,2019-06-14 13:22:23,46.8834278667,17.8931644667,51.2902537231,0.0,0.0,0.0
369,2019-06-14 13:22:40,46.882966,17.8935551667,51.2457652859,1.0,1.0,1.0
370,2019-06-14 13:22:57,46.88248535,17.893903,51.2017993582,0.0,0.0,0.0
371,2019-06-14 13:23:14,46.8820158667,17.8942309333,51.1572972607,0.0,0.0,0.0
372,2019-06-14 13:23:30,46.8816011833,17.8946833333,51.1157902011,1.0,1.0,1.0
373,2019-06-14 13:23:47,46.8812665167,17.8952317667,51.071301764,1.0,1.0,1.0
374,2019-06-14 13:24:05,46.8809906333,17.8958891333,51.0253926474,1.0,1.0,1.0
375,2019-06-14 13:24:21,46.8807828833,17.8966178333,50.9809451914,1.0,1.0,1.0
376,2019-06-14 13:24:38,46.8805413667,17.8973280833,50.93702366,1.0,1.0,1.0
377,2019-06-14 13:24:55,46.8803563833,17.8980664333,50.892507902,1.0,1.0,1.0
378,2019-06-14 13:25:11,46.8801679833,17.8986511667,50.8506832387,1.0,1.0,1.0
379,2019-06-14 13:25:28,46.8799415667,17.8990432833,50.8068744053,1.0,1.0,1.0
380,2019-06-14 13:25:44,46.8797762667,17.8993355,50.7628196852,1.0,1.0,1.0
381,2019-06-14 13:26:01,46.8797605,17.8994952,50.7190279273,1.0,1.0,1.0
382,2019-06-14 13:26:18,46.8797310667,17.8996028667,50.6747273204,1.0,1.0,1.0
383,2019-06-14 13:26:35,46.8797051333,17.89967135,50.6306828455,1.0,1.0,1.0
384,2019-06-14 13:26:51,46.8796904833,17.8997127833,50.5871540499,1.0,1.0,1.0
385,2019-06-14 13:27:08,46.8796851,17.8997205167,50.5425699901,1.0,1.0,1.0
386,2019-06-14 13:27:25,46.8796826833,17.8997224667,50.4984913643,1.0,1.0,1.0
387,2019-06-14 13:27:42,46.87969915,17.8997197333,50.4535931158,1.0,1.0,1.0
388,2019-06-14 13:27:59,46.8796768333,17.8996950333,50.4102760561,1.0,1.0,1.0
389,2019-06-14 13:28:17,46.8796559833,17.8997206333,50.3637522225,1.0,1.0,1.0
390,2019-06-14 13:28:33,46.8796644833,17.8997040333,50.3195813892,1.0,1.0,1.0
391,2019-06-14 13:28:50,46.8796876833,17.8996797333,50.2764419144,1.0,1.0,1.0
392,2019-06-14 13:29:06,46.87973175,17.8997325333,50.2324315905,1.0,1.0,1.0
393,2019-06-14 13:29:23,46.8797341833,17.8997325167,50.1879226627,1.0,1.0,1.0
394,2019-06-14 13:29:40,46.8797045833,17.8997035,50.1452647163,1.0,1.0,1.0
395,2019-06-14 13:29:57,46.8796999167,17.8997076833,50.0993931658,1.0,1.0,1.0
396,2019-06-14 13:30:14,46.8796948,17.89972175,50.0553350306,1.0,1.0,1.0
397,2019-06-14 13:30:30,46.8797112,17.8997434167,50.012564386,1.0,1.0,1.0
398,2019-06-14 13:30:47,46.8797075167,17.8997158667,49.9684891753,1.0,1.0,1.0
399,2019-06-14 13:31:04,46.8797102833,17.8997139333,49.9225220022,1.0,1.0,1.0
400,2019-06-14 13:31:21,46.8797063333,17.8997060333,49.8775964329,1.0,1.0,1.0
401,2019-06-14 13:31:38,46.8796787333,17.8997105667,49.8323839957,1.0,1.0,1.0
402,2019-06-14 13:31:54,46.8796843,17.8997495667,49.7892342756,1.0,1.0,1.0
403,2019-06-14 13:32:11,46.8796972833,17.8997703667,49.7458045178,1.0,1.0,1.0
404,2019-06-14 13:32:29,46.8797036667,17.8997538,49.6970813633,1.0,1.0,1.0
405,2019-06-14 13:32:46,46.8797084333,17.8997167833,49.6525895111,1.0,1.0,1.0
406,2019-06-14 13:33:02,46.8797012667,17.8997262,49.6109663383,1.0,1.0,1.0
407,2019-06-14 13:33:18,46.8796795167,17.8997322833,49.566942354,1.0,1.0,1.0
408,2019-06-14 13:33:35,46.87968235,17.89977995,49.5225973508,1.0,1.0,1.0
409,2019-06-14 13:33:52,46.8796939833,17.8997779,49.4764013663,1.0,1.0,1.0
410,2019-06-14 13:34:09,46.8796893167,17.8997472667,49.4328623255,1.0,1.0,1.0
411,2019-06-14 13:34:25,46.8796848167,17.899743,49.3887563789,1.0,1.0,1.0
412,2019-06-14 13:34:42,46.8796879667,17.8997267333,49.3441006021,1.0,1.0,1.0
413,2019-06-14 13:34:59,46.8796989167,17.89971335,49.2986217875,1.0,1.0,1.0
414,2019-06-14 13:35:16,46.8796894,17.8997025167,49.2531293126,1.0,1.0,1.0
415,2019-06-14 13:35:34,46.8796693667,17.8997058333,49.207073347,1.0,1.0,1.0
416,2019-06-14 13:36:12,46.8797003333,17.8996954833,49.1050234906,1.0,1.0,1.0
417,2019-06-14 13:36:28,46.8796952,17.8997198167,49.062614846,1.0,1.0,1.0
418,2019-06-14 13:36:45,46.8796773167,17.8997244667,49.0175355975,1.0,1.0,1.0
419,2019-06-14 13:37:19,46.8796876167,17.8997068,48.9273190439,1.0,1.0,1.0
420,2019-06-14 13:37:36,46.8797068667,17.8997161167,48.881362116,1.0,1.0,1.0
421,2019-06-14 13:37:52,46.87970265,17.8997363,48.8380553016,1.0,1.0,1.0
422,2019-06-14 13:38:09,46.8796885333,17.89974465,48.7926038078,1.0,1.0,1.0
423,2019-06-14 13:38:26,46.87967955,17.8997358167,48.7476782385,1.0,1.0,1.0
424,2019-06-14 13:38:43,46.8796717333,17.8997081833,48.7014037069,1.0,1.0,1.0
425,2019-06-14 13:39:00,46.8796798,17.89973715,48.6564064206,1.0,1.0,1.0
426,2019-06-14 13:39:22,46.8796912333,17.8997375667,48.6106100022,1.0,1.0,1.0
427,2019-06-14 13:39:39,46.8796833667,17.8997462167,48.5527173188,1.0,1.0,1.0
428,2019-06-14 13:39:55,46.8796407,17.8997148167,48.5074434099,1.0,1.0,1.0
429,2019-06-14 13:40:12,46.8796340167,17.8996932,48.4618621425,1.0,1.0,1.0
430,2019-06-14 13:40:29,46.8796420833,17.8996916667,48.4165131015,1.0,1.0,1.0
431,2019-06-14 13:40:46,46.8796366667,17.8996802333,48.3719597775,1.0,1.0,1.0
432,2019-06-14 13:41:03,46.8796576,17.8996832333,48.3265629252,1.0,1.0,1.0
433,2019-06-14 13:41:20,46.8796745,17.89971775,48.281131922,1.0,1.0,1.0
434,2019-06-14 13:41:37,46.8796595667,17.89970205,48.2357214093,0.0,0.0,0.0
435,2019-06-14 13:41:54,46.8796929667,17.89962735,48.1903143117,0.0,0.0,0.0
436,2019-06-14 13:42:10,46.87978765,17.8993898,48.1455116858,0.0,0.0,0.0
437,2019-06-14 13:42:27,46.8799751333,17.8990656667,48.0999099278,0.0,0.0,0.0
438,2019-06-14 13:42:49,46.8803201333,17.8986895333,48.0545199057,0.0,0.0,0.0
439,2019-06-14 13:43:05,46.8806716833,17.8984170167,47.9972351091,1.0,1.0,1.0
440,2019-06-14 13:43:22,46.8810743667,17.8981884,47.9519816908,0.0,0.0,0.0
441,2019-06-14 13:43:39,46.8814625667,17.8980046,47.9064209139,0.0,0.0,0.0
442,2019-06-14 13:43:57,46.8818502333,17.8976112667,47.8596272879,0.0,0.0,0.0
443,2019-06-14 13:44:13,46.88218695,17.8971562667,47.8158389451,1.0,1.0,1.0
444,2019-06-14 13:44:30,46.8824536,17.8965809833,47.7713266023,0.0,0.0,0.0
445,2019-06-14 13:44:46,46.8827722167,17.8959903667,47.7259775613,0.0,0.0,0.0
446,2019-06-14 13:45:03,46.8831288667,17.8954784667,47.6813627657,0.0,0.0,0.0
447,2019-06-14 13:45:20,46.8835854667,17.8949739,47.6356141586,0.0,0.0,0.0
448,2019-06-14 13:45:37,46.8840170667,17.8945651667,47.5903334195,0.0,0.0,0.0
449,2019-06-14 13:45:54,46.8844212833,17.8941287167,47.5450663408,0.0,0.0,0.0
450,2019-06-14 13:46:11,46.8848789333,17.89366705,47.4986961865,0.0,0.0,0.0
451,2019-06-14 13:46:27,46.8853118167,17.8932958333,47.4544263154,0.0,0.0,0.0
452,2019-06-14 13:46:44,46.8857988,17.8928968167,47.4087869914,0.0,0.0,0.0
453,2019-06-14 13:47:01,46.8862941,17.8926697333,47.3641004787,0.0,0.0,0.0
454,2019-06-14 13:47:18,46.8867975667,17.8924472833,47.318041098,1.0,1.0,1.0
455,2019-06-14 13:47:34,46.8872741,17.8921942,47.2722617551,0.0,0.0,0.0
456,2019-06-14 13:47:51,46.88775265,17.8919216667,47.2270219972,1.0,1.0,1.0
457,2019-06-14 13:48:08,46.88811595,17.8917277167,47.1814782958,1.0,1.0,1.0
458,2019-06-14 13:48:29,46.88831225,17.8917380333,47.1233533859,0.0,0.0,0.0
459,2019-06-14 13:48:46,46.88839085,17.8917216,47.0782877978,0.0,0.0,0.0
460,2019-06-14 13:49:03,46.8884072167,17.8916873667,47.03269287,0.0,0.0,0.0
461,2019-06-14 13:49:20,46.8884183667,17.8916812167,46.9862475836,0.0,0.0,0.0
462,2019-06-14 13:49:37,46.8884261,17.8916598167,46.9403418822,0.0,0.0,0.0
463,2019-06-14 13:49:53,46.8884128167,17.8916668667,46.8952216526,1.0,1.0,1.0
464,2019-06-14 13:50:10,46.8884241667,17.8916901167,46.8489812719,0.0,0.0,0.0
465,2019-06-14 13:50:32,46.8884094167,17.8916807,46.803563929,0.0,0.0,0.0
466,2019-06-14 13:50:48,46.8883981833,17.8916991833,46.745326321,0.0,0.0,0.0
467,2019-06-14 13:51:05,46.8884298333,17.8916971667,46.6995879593,0.0,0.0,0.0
468,2019-06-14 13:51:22,46.8884422,17.8917008,46.653832522,1.0,1.0,1.0
469,2019-06-14 13:51:39,46.88843625,17.8916936,46.6078038772,1.0,1.0,1.0
470,2019-06-14 13:51:56,46.8884209333,17.8916878,46.561761572,1.0,1.0,1.0
471,2019-06-14 13:52:13,46.8883924333,17.8916698,46.5162588518,1.0,1.0,1.0
472,2019-06-14 13:52:29,46.8884032833,17.8916920333,46.4704282824,1.0,1.0,0.0
473,2019-06-14 13:52:46,46.8884277667,17.8916803,46.4243313357,1.0,1.0,1.0
474,2019-06-14 13:53:03,46.8884608167,17.8916612,46.3784905211,1.0,1.0,0.0
475,2019-06-14 13:53:20,46.8884661167,17.89168015,46.3315295555,1.0,1.0,1.0
476,2019-06-14 13:53:54,46.8884550833,17.8917059333,46.2405719263,1.0,1.0,1.0
477,2019-06-14 13:54:44,46.8884177333,17.89172575,46.1033636711,1.0,1.0,0.0
478,2019-06-14 13:55:05,46.8884392333,17.8917205,46.0440093273,0.0,0.0,0.0
479,2019-06-14 13:55:22,46.8884485667,17.89172905,45.9983085315,1.0,1.0,0.0
480,2019-06-14 13:55:39,46.8884664833,17.8917171333,45.9520544905,1.0,1.0,1.0
481,2019-06-14 13:55:57,46.8884885833,17.8916833333,45.9038845813,1.0,1.0,1.0
482,2019-06-14 13:56:14,46.8885071167,17.8916284,45.8573573327,0.0,0.0,0.0
483,2019-06-14 13:56:30,46.8884962,17.8916425667,45.8113252728,0.0,0.0,0.0
484,2019-06-14 13:56:47,46.8884926833,17.8916420167,45.7652829676,0.0,0.0,0.0
485,2019-06-14 13:57:04,46.8883123333,17.8917050667,45.7192372473,0.0,0.0,0.0
486,2019-06-14 13:57:21,46.8880275,17.8918043833,45.672901244,0.0,0.0,0.0
487,2019-06-14 13:57:38,46.88770195,17.8917877167,45.627190203,1.0,1.0,1.0
488,2019-06-14 13:57:55,46.8872944667,17.8917792167,45.5809293317,0.0,0.0,0.0
489,2019-06-14 13:58:11,46.8868908667,17.89185925,45.534869951,1.0,1.0,1.0
490,2019-06-14 13:58:29,46.8864682833,17.8919261167,45.4877109099,0.0,0.0,0.0
491,2019-06-14 13:58:45,46.8860203833,17.8921078,45.4423891897,1.0,1.0,1.0
492,2019-06-14 13:59:03,46.8855896833,17.8921361667,45.3933040352,0.0,0.0,0.0
493,2019-06-14 13:59:20,46.8852118333,17.892154,45.3466675036,0.0,0.0,0.0
494,2019-06-14 13:59:37,46.8848335833,17.8922225167,45.3002597832,0.0,0.0,0.0
495,2019-06-14 13:59:54,46.8844581333,17.8923100833,45.2540979497,0.0,0.0,0.0
496,2019-06-14 14:00:11,46.8841290833,17.8924487167,45.207601437,0.0,0.0,0.0
497,2019-06-14 14:00:27,46.8837883167,17.89261415,45.1619006412,0.0,0.0,0.0
498,2019-06-14 14:00:44,46.8835132667,17.8928264833,45.1150387133,0.0,0.0,0.0
499,2019-06-14 14:01:00,46.8832217333,17.8930159167,45.0709361819,0.0,0.0,0.0
500,2019-06-14 14:01:18,46.88286845,17.8931993167,45.0218783482,0.0,0.0,0.0
501,2019-06-14 14:01:34,46.88257875,17.8933909833,44.9780217035,0.0,0.0,0.0
502,2019-06-14 14:02:08,46.8820155333,17.8939337167,44.8846496024,1.0,1.0,1.0
503,2019-06-14 14:02:25,46.8817724833,17.8942935167,44.8375964292,1.0,1.0,1.0
504,2019-06-14 14:02:41,46.8814896833,17.8946802333,44.7913492184,1.0,1.0,1.0
505,2019-06-14 14:02:59,46.8811550333,17.8951969,44.7417039884,1.0,1.0,1.0
506,2019-06-14 14:03:15,46.8809145333,17.8957238167,44.698363023,1.0,1.0,1.0
507,2019-06-14 14:03:49,46.8805834833,17.8970239167,44.6042669219,1.0,1.0,1.0
508,2019-06-14 14:04:06,46.8805028333,17.8977967833,44.5568210128,1.0,1.0,1.0
509,2019-06-14 14:04:22,46.88035235,17.8983109833,44.5101025189,1.0,1.0,1.0
510,2019-06-14 14:04:39,46.8801531833,17.8987448667,44.4637118741,1.0,1.0,1.0
511,2019-06-14 14:04:56,46.8798975667,17.8991683167,44.4167782292,1.0,1.0,1.0
512,2019-06-14 14:05:14,46.87980955,17.8994869667,44.3662655652,1.0,1.0,1.0
513,2019-06-14 14:05:31,46.8797710667,17.8996369167,44.3197075807,1.0,1.0,1.0
514,2019-06-14 14:05:49,46.8797320667,17.8997348333,44.2709605206,1.0,1.0,1.0
515,2019-06-14 14:06:05,46.8797126,17.8997596333,44.225843706,1.0,1.0,1.0
516,2019-06-14 14:06:22,46.8797243167,17.8997466333,44.1793471933,1.0,1.0,1.0
517,2019-06-14 14:06:39,46.8797152833,17.89973775,44.1303508313,1.0,1.0,1.0
518,2019-06-14 14:07:30,46.8796857833,17.89974695,43.9915716326,1.0,1.0,1.0
519,2019-06-14 14:07:46,46.8796919833,17.8997581167,43.9447233651,1.0,1.0,1.0
520,2019-06-14 14:08:04,46.8796889333,17.8997242167,43.8962358522,1.0,1.0,1.0
521,2019-06-14 14:08:24,46.8796960833,17.8997165333,43.8518737735,1.0,1.0,1.0
522,2019-06-14 14:08:41,46.87972085,17.8997300167,43.7925023542,1.0,1.0,1.0
523,2019-06-14 14:08:58,46.8797297667,17.8997282667,43.7450598602,1.0,1.0,1.0
524,2019-06-14 14:09:15,46.8797366167,17.8997573667,43.697863253,1.0,1.0,1.0
525,2019-06-14 14:09:33,46.87972765,17.8997519833,43.6495704005,1.0,1.0,1.0
526,2019-06-14 14:10:06,46.8796922667,17.8997745667,43.556543224,1.0,1.0,1.0
527,2019-06-14 14:10:23,46.8796653167,17.8997739833,43.5101594093,1.0,1.0,1.0
528,2019-06-14 14:10:39,46.8796801,17.8997457,43.4654421608,1.0,1.0,1.0
529,2019-06-14 14:12:38,46.8796491,17.8997474333,43.1342360427,1.0,1.0,1.0
530,2019-06-14 14:12:56,46.8796660333,17.8997605167,43.0860695487,1.0,1.0,1.0
531,2019-06-14 14:13:13,46.8797118,17.89975705,43.0384528849,1.0,1.0,1.0
532,2019-06-14 14:13:30,46.8797040333,17.89977765,42.9897058248,1.0,1.0,1.0
533,2019-06-14 14:13:46,46.8797283333,17.8997554167,42.9448724631,1.0,1.0,1.0
534,2019-06-14 14:14:04,46.8797355,17.8997416,42.8955687425,1.0,1.0,1.0
535,2019-06-14 14:14:20,46.8797369167,17.8997441833,42.8498645317,1.0,1.0,1.0
536,2019-06-14 14:14:37,46.87972095,17.89973975,42.8027669623,1.0,1.0,1.0
537,2019-06-14 14:14:54,46.8797048167,17.8997214167,42.7556693929,1.0,1.0,1.0
538,2019-06-14 14:15:11,46.87965855,17.8997364333,42.7088211253,1.0,1.0,1.0
539,2019-06-14 14:15:28,46.8796601833,17.8997405167,42.6619626125,1.0,1.0,1.0
540,2019-06-14 14:15:45,46.8796966167,17.8997582833,42.6148001563,1.0,1.0,1.0
541,2019-06-14 14:16:02,46.8797070667,17.8997739167,42.5679143228,1.0,1.0,1.0
542,2019-06-14 14:16:18,46.8797068833,17.8997488667,42.5213256024,1.0,1.0,1.0
543,2019-06-14 14:16:35,46.8797010667,17.8997207,42.4741733915,1.0,1.0,1.0
544,2019-06-14 14:16:52,46.8796911167,17.8996943833,42.4281242561,1.0,1.0,1.0
545,2019-06-14 14:17:09,46.8797039167,17.8996870833,42.3795377055,1.0,1.0,1.0
546,2019-06-14 14:17:25,46.8797105667,17.8997202333,42.3348272872,1.0,1.0,1.0
547,2019-06-14 14:17:42,46.8797020167,17.89973745,42.2867666611,1.0,1.0,1.0
548,2019-06-14 14:19:41,46.8796776167,17.89975865,41.9534978258,1.0,1.0,1.0
549,2019-06-14 14:19:58,46.8796764167,17.8997545333,41.906495879,1.0,1.0,1.0
550,2019-06-14 14:20:15,46.8796791167,17.8997616,41.8591934039,1.0,1.0,1.0
551,2019-06-14 14:20:32,46.8796841,17.8997506167,41.811897759,1.0,1.0,1.0
552,2019-06-14 14:20:49,46.8797104833,17.8997434,41.7643050009,1.0,1.0,1.0
553,2019-06-14 14:21:06,46.87970685,17.8996810167,41.7173064692,0.0,0.0,0.0
554,2019-06-14 14:21:23,46.8797619333,17.89946235,41.6687130883,1.0,1.0,1.0
555,2019-06-14 14:21:39,46.87994905,17.8990704667,41.6235655379,0.0,0.0,0.0
556,2019-06-14 14:22:01,46.8803208667,17.898637,41.5641155714,0.0,0.0,0.0
557,2019-06-14 14:22:17,46.8806870333,17.8983179333,41.5171921718,0.0,0.0,0.0
558,2019-06-14 14:22:34,46.8811329,17.8979989,41.4699648288,0.0,0.0,0.0
559,2019-06-14 14:23:53,46.88324465,17.8963706,41.2494658318,0.0,0.0,0.0
560,2019-06-14 14:24:10,46.8836807333,17.8959447333,41.2022692246,0.0,0.0,0.0
561,2019-06-14 14:24:28,46.8841409667,17.8954442667,41.1523063909,0.0,0.0,0.0
562,2019-06-14 14:24:44,46.8845251333,17.89494595,41.1079613877,0.0,0.0,0.0
563,2019-06-14 14:25:02,46.8849495,17.8944091333,41.0588557426,0.0,0.0,0.0
564,2019-06-14 14:27:00,46.8880059667,17.89178675,40.7276223037,1.0,1.0,1.0
565,2019-06-14 14:27:17,46.8882348333,17.8917341167,40.6798485456,0.0,0.0,0.0
566,2019-06-14 14:27:34,46.8883537667,17.8917335667,40.6320508818,1.0,1.0,1.0
567,2019-06-14 14:27:51,46.8883692833,17.891727,40.5853904445,0.0,0.0,0.0
568,2019-06-14 14:28:08,46.8883803167,17.8916946833,40.536773158,0.0,0.0,0.0
569,2019-06-14 14:28:25,46.8883809333,17.8916815167,40.4889823243,0.0,0.0,0.0
570,2019-06-14 14:28:42,46.8883863,17.89167405,40.4417379058,0.0,0.0,0.0
571,2019-06-14 14:28:59,46.8883801667,17.8916884667,40.3939129213,1.0,1.0,1.0
572,2019-06-14 14:29:16,46.8883698,17.8917065833,40.3460811065,1.0,1.0,1.0
573,2019-06-14 14:29:32,46.8883849667,17.8917179833,40.2990825748,1.0,1.0,1.0
574,2019-06-14 14:29:49,46.8883857,17.89172555,40.2520840432,1.0,1.0,1.0
575,2019-06-14 14:30:06,46.88839005,17.8917052833,40.204815719,1.0,1.0,1.0
576,2019-06-14 14:30:23,46.8883986667,17.8916956333,40.1558432627,1.0,1.0,1.0
577,2019-06-14 14:30:40,46.8883905667,17.89169505,40.1085510329,1.0,1.0,1.0
578,2019-06-14 14:30:57,46.8883894167,17.8916759833,40.0612622181,1.0,1.0,1.0
579,2019-06-14 14:31:14,46.8884181333,17.8916881167,40.0133757619,1.0,1.0,1.0
580,2019-06-14 14:31:31,46.8884055,17.8917087333,39.9666128717,1.0,1.0,1.0
581,2019-06-14 14:31:47,46.8883971167,17.8917257,39.9187161702,1.0,1.0,1.0
582,2019-06-14 14:32:21,46.8884139333,17.8916425333,39.8243878426,1.0,1.0,1.0
583,2019-06-14 14:32:38,46.8884305,17.8916108833,39.7773449147,1.0,1.0,1.0
584,2019-06-14 14:32:55,46.8884105167,17.8916272167,39.7297077603,1.0,1.0,1.0
585,2019-06-14 14:34:54,46.8883640167,17.8917137667,39.3938093022,1.0,1.0,1.0
586,2019-06-14 14:35:11,46.8883533667,17.8917359333,39.3452705629,1.0,1.0,1.0
587,2019-06-14 14:35:28,46.8883619667,17.8917621667,39.2972816538,1.0,1.0,1.0
588,2019-06-14 14:35:44,46.88837255,17.89172985,39.2507407448,1.0,1.0,1.0
589,2019-06-14 14:36:01,46.88836495,17.89170095,39.2036260999,1.0,1.0,1.0
590,2019-06-14 14:36:17,46.88835395,17.8917356167,39.1578774928,1.0,1.0,1.0
591,2019-06-14 14:36:34,46.8883545,17.8917785333,39.1101378856,1.0,1.0,1.0
592,2019-06-14 14:36:51,46.8883546833,17.8917714833,39.0621455614,1.0,1.0,1.0
593,2019-06-14 14:37:08,46.8883476667,17.8917864167,39.0149796901,1.0,1.0,1.0
594,2019-06-14 14:37:42,46.8883811167,17.89171285,38.9198488154,1.0,1.0,1.0
595,2019-06-14 14:37:59,46.8883817,17.89170395,38.8709890571,1.0,1.0,1.0
596,2019-06-14 14:38:16,46.8883726,17.8916742333,38.8235499783,1.0,1.0,1.0
597,2019-06-14 14:38:32,46.88837745,17.8916912333,38.7760699182,1.0,1.0,1.0
598,2019-06-14 14:38:49,46.8883507333,17.8916955667,38.7286001035,1.0,1.0,1.0
599,2019-06-14 14:39:06,46.8883660667,17.8917234833,38.6805360623,1.0,1.0,1.0
600,2019-06-14 14:39:23,46.8883913167,17.8916906167,38.6330730778,1.0,1.0,1.0
601,2019-06-14 14:39:41,46.8884003667,17.8916797833,38.5822018288,1.0,1.0,1.0
602,2019-06-14 14:39:57,46.8884058333,17.8916848833,38.5372489388,1.0,1.0,1.0
603,2019-06-14 14:40:14,46.8883727833,17.8916795333,38.4900420864,0.0,0.0,0.0
604,2019-06-14 14:40:30,46.88833785,17.8917046167,38.4428079132,0.0,0.0,0.0
605,2019-06-14 14:40:47,46.8881515833,17.8917732833,38.3949931739,0.0,0.0,0.0
606,2019-06-14 14:41:04,46.8878743833,17.8918275167,38.346905227,0.0,0.0,0.0
607,2019-06-14 14:41:21,46.8874143833,17.8919618833,38.2993466198,1.0,1.0,1.0
608,2019-06-14 14:43:20,46.8837740667,17.8929103167,37.9620582182,0.0,0.0,0.0
609,2019-06-14 14:43:38,46.8832790333,17.8933639667,37.9119758562,1.0,1.0,1.0
610,2019-06-14 14:43:55,46.8828180333,17.8938754,37.8641064754,1.0,1.0,1.0
611,2019-06-14 14:44:12,46.8824249667,17.8944264,37.8153525851,1.0,1.0,1.0
612,2019-06-14 14:44:28,46.88203,17.89498835,37.7685692043,1.0,1.0,1.0
613,2019-06-14 14:44:45,46.8816694,17.89558805,37.7189137291,1.0,1.0,1.0
614,2019-06-14 14:45:02,46.8813362333,17.89620955,37.6706584426,1.0,1.0,1.0
615,2019-06-14 14:45:19,46.8810322833,17.8968383,37.6240833826,1.0,1.0,1.0
616,2019-06-14 14:45:36,46.8806957167,17.8974913,37.5757973603,1.0,1.0,1.0
617,2019-06-14 14:46:10,46.8800638333,17.89881805,37.4777670702,1.0,1.0,1.0
618,2019-06-14 14:46:27,46.8798246667,17.89928655,37.4292966328,1.0,1.0,1.0
619,2019-06-14 14:46:43,46.879716,17.8995528167,37.3820829502,1.0,1.0,1.0
620,2019-06-14 14:47:00,46.8796830333,17.8996890833,37.3349443996,1.0,1.0,1.0
621,2019-06-14 14:47:18,46.8796666667,17.8997215,37.2850396224,1.0,1.0,1.0
622,2019-06-14 14:47:35,46.8796501333,17.89975345,37.2368287322,0.0,0.0,0.0
623,2019-06-14 14:47:51,46.8796836,17.8997321,37.1917665591,1.0,1.0,1.0
624,2019-06-14 14:48:07,46.87970795,17.8997174,37.1438596123,1.0,1.0,1.0
625,2019-06-14 14:48:25,46.8796968,17.8996828667,37.0934152502,1.0,1.0,1.0
626,2019-06-14 14:48:41,46.8796841667,17.8997447333,37.0480047375,1.0,1.0,1.0
627,2019-06-14 14:48:59,46.8796888167,17.8997509333,36.998376583,1.0,1.0,1.0
628,2019-06-14 14:49:15,46.8797031333,17.8997321333,36.9518766551,1.0,1.0,1.0
629,2019-06-14 14:51:14,46.8796774167,17.89962675,36.6149400082,1.0,1.0,1.0
630,2019-06-14 14:51:31,46.8796804167,17.8996800833,36.5660973255,1.0,1.0,1.0
631,2019-06-14 14:51:48,46.87967995,17.8997251,36.5181084164,1.0,1.0,1.0
632,2019-06-14 14:52:05,46.8796589333,17.8997418,36.4701365827,1.0,1.0,1.0
633,2019-06-14 14:52:22,46.8796318167,17.89976325,36.4213075604,1.0,1.0,1.0
634,2019-06-14 14:52:39,46.8796313333,17.89974405,36.3736362551,1.0,1.0,1.0
635,2019-06-14 14:52:56,46.8796406833,17.8997089833,36.3254048742,1.0,1.0,1.0
636,2019-06-14 14:53:13,46.879654,17.8996990333,36.2780067765,1.0,1.0,1.0
637,2019-06-14 14:53:29,46.8796544667,17.8996930167,36.2306018485,1.0,1.0,1.0
638,2019-06-14 14:53:46,46.8796583333,17.8997063,36.1828963923,1.0,1.0,1.0
639,2019-06-14 14:54:03,46.8796691,17.8996757333,36.1349348039,1.0,1.0,1.0
640,2019-06-14 14:54:20,46.8796830167,17.8996542,36.0866795175,1.0,1.0,1.0
641,2019-06-14 14:54:54,46.8797127333,17.899699,35.9906675483,1.0,1.0,1.0
642,2019-06-14 14:55:11,46.8797100833,17.8996896833,35.94324896,1.0,1.0,1.0
643,2019-06-14 14:55:27,46.8797050333,17.8996767167,35.8955469188,1.0,1.0,1.0
644,2019-06-14 14:55:44,46.8796915333,17.8996506,35.8475648399,1.0,1.0,1.0
645,2019-06-14 14:56:01,46.8796856833,17.8996679667,35.7987016666,1.0,1.0,1.0
646,2019-06-14 14:56:18,46.87966855,17.8996557,35.7512762481,1.0,1.0,1.0
647,2019-06-14 14:56:51,46.8796567833,17.89963965,35.6575455621,1.0,1.0,1.0
648,2019-06-14 14:57:08,46.8796598667,17.8996568333,35.6092390492,1.0,1.0,1.0
649,2019-06-14 14:57:25,46.8796414667,17.89968745,35.5614926118,1.0,1.0,1.0
650,2019-06-14 14:57:42,46.8796071,17.89970465,35.5140364574,1.0,1.0,1.0
651,2019-06-14 14:57:59,46.87960495,17.8997337333,35.4651459634,1.0,1.0,1.0
652,2019-06-14 14:58:15,46.8796434,17.8997480333,35.4182498845,1.0,1.0,1.0
653,2019-06-14 14:58:32,46.8796665167,17.89974155,35.3699502018,1.0,1.0,1.0
654,2019-06-14 14:58:50,46.8796754833,17.8997177833,35.3202366699,1.0,1.0,1.0
655,2019-06-14 14:59:07,46.8796694333,17.8997174,35.2727805156,1.0,1.0,1.0
656,2019-06-14 14:59:23,46.8796430833,17.8997488333,35.2250170027,1.0,1.0,1.0
657,2019-06-14 14:59:41,46.8796318667,17.8997384333,35.176140169,1.0,1.0,1.0
658,2019-06-14 14:59:57,46.8796318,17.8997168,35.1286942599,1.0,1.0,1.0
659,2019-06-14 15:00:14,46.8796623,17.8997015667,35.0809512376,1.0,1.0,1.0
660,2019-06-14 15:00:31,46.8796515167,17.8996904333,35.0329247625,1.0,1.0,1.0
661,2019-06-14 15:00:48,46.87965175,17.8996315667,34.9854959289,1.0,1.0,1.0
662,2019-06-14 15:01:05,46.8796498667,17.8996167167,34.9366156801,1.0,1.0,1.0
663,2019-06-14 15:01:22,46.87965625,17.89960425,34.8888692427,1.0,1.0,1.0
664,2019-06-14 15:01:39,46.8796490333,17.8996126,34.840822277,1.0,1.0,1.0
665,2019-06-14 15:01:55,46.8796228667,17.8996307,34.7933353868,1.0,1.0,1.0
666,2019-06-14 15:02:12,46.87964985,17.8996405,34.7452815909,1.0,1.0,1.0
667,2019-06-14 15:02:29,46.8796763167,17.89968575,34.6963501157,1.0,1.0,1.0
668,2019-06-14 15:02:46,46.87966805,17.8996886667,34.6491535085,1.0,1.0,1.0
669,2019-06-14 15:03:20,46.8796727333,17.8996763,34.5522058034,1.0,1.0,1.0
670,2019-06-14 15:03:37,46.8796674333,17.8996921333,34.5041451773,1.0,1.0,1.0
671,2019-06-14 15:03:54,46.8796865333,17.8996778,34.4560982116,1.0,1.0,1.0
672,2019-06-14 15:04:11,46.8796875167,17.8996738,34.4083312837,1.0,1.0,1.0
673,2019-06-14 15:04:27,46.8796606667,17.89969675,34.360827318,1.0,1.0,1.0
674,2019-06-14 15:04:45,46.8796468333,17.8996862833,34.3119265786,1.0,1.0,1.0
675,2019-06-14 15:05:01,46.8796571167,17.8996845167,34.2638659525,1.0,1.0,1.0
676,2019-06-14 15:05:18,46.8796598167,17.8996617667,34.2166761755,1.0,1.0,1.0
677,2019-06-14 15:05:36,46.87966925,17.8996488667,34.1666347946,1.0,1.0,1.0
678,2019-06-14 15:05:53,46.8796576167,17.8996371667,34.1185809987,1.0,1.0,1.0
679,2019-06-14 15:06:09,46.87964965,17.89963395,34.0708038254,1.0,1.0,1.0
680,2019-06-14 15:06:26,46.8796549167,17.89966065,34.0224358408,1.0,1.0,1.0
681,2019-06-14 15:06:43,46.87970535,17.8995545833,33.9750104223,0.0,0.0,0.0
682,2019-06-14 15:07:05,46.8798894,17.8991304167,33.9141500217,1.0,1.0,1.0
683,2019-06-14 15:07:22,46.8802528333,17.8987781833,33.8651775654,0.0,0.0,0.0
684,2019-06-14 15:07:38,46.8805587167,17.8984488167,33.8184659016,1.0,1.0,1.0
685,2019-06-14 15:07:55,46.8809796167,17.8981153167,33.7703369737,0.0,0.0,0.0
686,2019-06-14 15:08:12,46.88138905,17.8979369,33.7229491212,0.0,0.0,0.0
687,2019-06-14 15:08:29,46.8818566333,17.8975535167,33.6748509291,0.0,0.0,0.0
688,2019-06-14 15:08:46,46.8822893167,17.8971249833,33.6267868879,0.0,0.0,0.0
689,2019-06-14 15:09:03,46.88266955,17.89664235,33.5793239033,1.0,1.0,0.0
690,2019-06-14 15:09:20,46.8831315833,17.8961596,33.5318643339,0.0,0.0,0.0
691,2019-06-14 15:09:37,46.8835457333,17.89562835,33.4841520474,1.0,1.0,1.0
692,2019-06-14 15:09:53,46.8839096333,17.8951202333,33.4364261006,1.0,1.0,1.0
693,2019-06-14 15:10:10,46.8843188667,17.8945866,33.3887172293,1.0,1.0,1.0
694,2019-06-14 15:10:27,46.8847193167,17.89405805,33.3412883957,1.0,1.0,1.0
695,2019-06-14 15:10:44,46.8851469667,17.8936368333,33.2932175243,1.0,1.0,1.0
696,2019-06-14 15:11:01,46.8856097167,17.8931178833,33.2455018227,1.0,1.0,1.0
697,2019-06-14 15:11:18,46.88605205,17.8926988667,33.1985647628,1.0,1.0,1.0
698,2019-06-14 15:11:34,46.8865077167,17.8923121833,33.1510471367,0.0,0.0,0.0
699,2019-06-14 15:11:51,46.8870277833,17.8920229333,33.1028874729,1.0,1.0,1.0
700,2019-06-14 15:12:08,46.88750985,17.8918745333,33.0552025072,0.0,0.0,0.0
701,2019-06-14 15:12:25,46.8880291167,17.8916674833,33.0075585226,1.0,1.0,1.0
702,2019-06-14 15:12:42,46.8882784,17.8916591833,32.9586441229,0.0,0.0,0.0
703,2019-06-14 15:12:59,46.8883906167,17.89161135,32.9106108175,0.0,0.0,0.0
704,2019-06-14 15:13:16,46.8884412167,17.8915705333,32.8622872292,0.0,0.0,0.0
705,2019-06-14 15:13:33,46.8884441333,17.8915902333,32.8139226597,0.0,0.0,0.0
706,2019-06-14 15:13:50,46.8884243333,17.8916204667,32.7661181657,0.0,0.0,0.0
707,2019-06-14 15:14:07,46.8884213667,17.8915913,32.7172174263,1.0,1.0,1.0
708,2019-06-14 15:14:24,46.8884648667,17.8915412333,32.6706082154,1.0,1.0,1.0
709,2019-06-14 15:14:41,46.8885017,17.8915178333,32.6214206081,1.0,1.0,1.0
710,2019-06-14 15:14:58,46.8885231167,17.8914726833,32.572816982,1.0,1.0,1.0
711,2019-06-14 15:15:15,46.8885062833,17.89148435,32.5255964691,1.0,1.0,1.0
712,2019-06-14 15:15:32,46.8884899833,17.89148115,32.4775324279,1.0,1.0,1.0
713,2019-06-14 15:15:48,46.8884788167,17.8914851333,32.4297484245,1.0,1.0,1.0
714,2019-06-14 15:16:05,46.8884629333,17.8914978333,32.3808237795,1.0,1.0,1.0
715,2019-06-14 15:16:22,46.88845755,17.8915053667,32.333039776,1.0,1.0,1.0
716,2019-06-14 15:16:39,46.8884590667,17.8915375667,32.28552215,1.0,1.0,1.0
717,2019-06-14 15:16:56,46.8884864667,17.8915586,32.2360237691,1.0,1.0,1.0
718,2019-06-14 15:17:13,46.8885016,17.8915101833,32.1888476525,1.0,1.0,1.0
719,2019-06-14 15:17:30,46.8884925667,17.89155065,32.1401893848,1.0,1.0,1.0
720,2019-06-14 15:17:46,46.8884689333,17.8915884833,32.0938089853,1.0,1.0,1.0
721,2019-06-14 15:18:03,46.8884575667,17.89161275,32.0451609629,1.0,1.0,1.0
722,2019-06-14 15:18:20,46.8884483333,17.8916449167,31.9970798462,1.0,1.0,1.0
723,2019-06-14 15:18:37,46.8884322,17.8916386333,31.9493095032,1.0,1.0,1.0
724,2019-06-14 15:18:55,46.8884551,17.89156165,31.8990290656,1.0,1.0,1.0
725,2019-06-14 15:19:12,46.8885012667,17.8915062,31.850155647,1.0,1.0,1.0
726,2019-06-14 15:19:29,46.88846185,17.89157865,31.8020506247,1.0,1.0,1.0
727,2019-06-14 15:19:46,46.8884509167,17.8915510333,31.7548642628,1.0,1.0,1.0
728,2019-06-14 15:20:03,46.8884234333,17.8916281,31.7064723725,1.0,1.0,1.0
729,2019-06-14 15:20:20,46.8884272167,17.8916413833,31.6578414256,1.0,1.0,1.0
730,2019-06-14 15:20:37,46.8884565,17.8915965667,31.608968007,1.0,1.0,1.0
731,2019-06-14 15:20:54,46.8884398667,17.8916233,31.5611805885,1.0,1.0,1.0
732,2019-06-14 15:21:10,46.8884183333,17.89167295,31.5136663775,1.0,1.0,1.0
733,2019-06-14 15:21:27,46.8884105667,17.8916286333,31.4653598646,1.0,1.0,1.0
734,2019-06-14 15:21:44,46.8884149,17.8916375667,31.4173060687,1.0,1.0,1.0
735,2019-06-14 15:22:01,46.88843545,17.8915896167,31.3695767068,1.0,1.0,1.0
736,2019-06-14 15:22:18,46.8884571167,17.8916151667,31.3217995336,1.0,1.0,1.0
737,2019-06-14 15:22:35,46.8884843,17.8915563167,31.2732266433,1.0,1.0,1.0
738,2019-06-14 15:22:52,46.88846385,17.8915415,31.2260471116,1.0,1.0,1.0
739,2019-06-14 15:23:08,46.8884586667,17.8915809,31.1779762402,1.0,1.0,1.0
740,2019-06-14 15:23:25,46.8884876833,17.89157305,31.1305098406,1.0,1.0,1.0
741,2019-06-14 15:23:42,46.88843555,17.8916275,31.082432139,1.0,1.0,1.0
742,2019-06-14 15:24:16,46.8884061,17.8916854167,30.9868880378,1.0,1.0,1.0
743,2019-06-14 15:24:33,46.8884066,17.8916762167,30.9388581476,1.0,1.0,1.0
744,2019-06-14 15:24:49,46.8883938667,17.8916678167,30.8911151253,1.0,1.0,1.0
745,2019-06-14 15:25:06,46.888376,17.8916813333,30.8425046689,0.0,0.0,0.0
746,2019-06-14 15:25:23,46.8883756667,17.8917095,30.7944577032,0.0,0.0,0.0
747,2019-06-14 15:25:40,46.8883162,17.8916657167,30.7464551337,0.0,0.0,0.0
748,2019-06-14 15:25:57,46.8880314833,17.8916884,30.6986882058,1.0,1.0,1.0
749,2019-06-14 15:26:14,46.8876284,17.89183225,30.6508324854,0.0,0.0,0.0
750,2019-06-14 15:26:31,46.8871265,17.8920189167,30.6018088026,0.0,0.0,0.0
751,2019-06-14 15:26:48,46.88663025,17.8920867833,30.5537208557,0.0,0.0,0.0
752,2019-06-14 15:27:05,46.8861168167,17.89222815,30.5061520033,0.0,0.0,0.0
753,2019-06-14 15:27:22,46.8855362833,17.8924542167,30.4576679054,0.0,0.0,0.0
754,2019-06-14 15:27:39,46.8850096833,17.8927564,30.4094228642,0.0,0.0,0.0
755,2019-06-14 15:27:55,46.8845138833,17.8930594333,30.3614612759,1.0,1.0,1.0
756,2019-06-14 15:28:12,46.8840384,17.893473,30.3128576498,1.0,1.0,1.0
757,2019-06-14 15:28:29,46.8835624667,17.8939332,30.2642267029,1.0,1.0,1.0
758,2019-06-14 15:28:46,46.88308335,17.89441935,30.2158621334,1.0,1.0,1.0
759,2019-06-14 15:29:03,46.8826373167,17.89488975,30.1675078091,1.0,1.0,1.0
760,2019-06-14 15:29:20,46.8822029667,17.89537715,30.1188632019,1.0,1.0,1.0
761,2019-06-14 15:29:37,46.8817731,17.8958886833,30.0699180663,1.0,1.0,1.0
762,2019-06-14 15:29:54,46.88132035,17.89638075,30.0215569118,1.0,1.0,1.0
